{"stats":{"minecraft:custom":{"minecraft:jump":52,"minecraft:time_since_rest":64,"minecraft:deaths":1,"minecraft:damage_dealt":159,"minecraft:leave_game":2,"minecraft:play_time":2706,"minecraft:sprint_one_cm":9305,"minecraft:damage_taken":250,"minecraft:time_since_death":0,"minecraft:walk_one_cm":9489,"minecraft:total_world_time":2706,"minecraft:mob_kills":1,"minecraft:fall_one_cm":478,"minecraft:fly_one_cm":6038},"minecraft:killed":{"minecraft:spider":1},"minecraft:picked_up":{"minecraft:string":1},"minecraft:killed_by":{"minecraft:skeleton":1}},"DataVersion":3465}