{"stats":{"minecraft:custom":{"minecraft:jump":42,"minecraft:time_since_rest":1803,"minecraft:damage_dealt":159,"minecraft:leave_game":1,"minecraft:sprint_one_cm":5110,"minecraft:play_time":1803,"minecraft:damage_taken":140,"minecraft:time_since_death":1803,"minecraft:walk_one_cm":5392,"minecraft:total_world_time":1803,"minecraft:mob_kills":1,"minecraft:fall_one_cm":478,"minecraft:fly_one_cm":4291},"minecraft:killed":{"minecraft:spider":1},"minecraft:picked_up":{"minecraft:string":1}},"DataVersion":3465}